{
	"class_name" : "ViewTrajectory",
	"interval" : 29,
	"is_loop" : false,
	"trajectory" : 
	[
		{
			"boundingbox_max" : [ 215.05035400390625, 80.301795959472656, 34.890830993652344 ],
			"boundingbox_min" : [ -211.76950073242188, -125.19444274902344, -4.2829980850219727 ],
			"field_of_view" : 90.0,
			"front" : [ -0.58999680455306347, -0.15524870408634167, 0.79233932787454509 ],
			"lookat" : [ 9.9369846496341676, 13.322769196068615, -16.164870152242376 ],
			"up" : [ 0.79499677526385637, 0.059685607254847638, 0.60367023746967163 ],
			"zoom" : 0.17999999999999999
		}
	],
	"version_major" : 1,
	"version_minor" : 0
}